level	page_num	block_num	par_num	line_num	word_num	left	top	width	height	conf	text
1	1	0	0	0	0	0	0	510	98	-1.0	
2	1	1	0	0	0	25	27	472	57	-1.0	
3	1	1	1	0	0	25	27	472	57	-1.0	
4	1	1	1	1	0	25	27	472	57	-1.0	
5	1	1	1	1	1	25	27	126	45	95.780014	hello
5	1	1	1	1	2	171	28	109	43	95.782608	how
5	1	1	1	1	3	300	40	84	31	95.782608	are
5	1	1	1	1	4	402	40	95	44	96.361763	you
