level	page_num	block_num	par_num	line_num	word_num	left	top	width	height	conf	text
1	1	0	0	0	0	0	0	510	98	-1.0	
2	1	1	0	0	0	26	27	471	57	-1.0	
3	1	1	1	0	0	26	27	471	57	-1.0	
4	1	1	1	1	0	26	27	471	57	-1.0	
5	1	1	1	1	1	26	27	125	45	95.785393	hello
5	1	1	1	1	2	172	27	108	45	96.746994	how
5	1	1	1	1	3	299	39	85	32	96.347061	are
5	1	1	1	1	4	403	40	94	44	96.837914	you
