level	page_num	block_num	par_num	line_num	word_num	left	top	width	height	conf	text
1	1	0	0	0	0	0	0	510	98	-1.0	
2	1	1	0	0	0	25	27	472	57	-1.0	
3	1	1	1	0	0	25	27	472	57	-1.0	
4	1	1	1	1	0	25	27	472	57	-1.0	
5	1	1	1	1	1	25	27	126	45	96.161491	hello
5	1	1	1	1	2	172	27	108	44	95.790192	how
5	1	1	1	1	3	299	40	85	31	95.790192	are
5	1	1	1	1	4	403	40	94	44	96.672287	you
